"tid";"parent"
"23";"22"
"24";"22"
"25";"22"
"26";"74"
"27";"74"
"28";"74"
"29";"74"
"30";"74"
"31";"74"
"32";"74"
"33";"74"
"34";"74"
"35";"74"
"36";"74"
"37";"74"
"38";"77"
"39";"77"
"40";"77"
"41";"77"
"42";"76"
"43";"76"
"44";"75"
"45";"75"
"46";"75"
"47";"75"
"48";"75"
"49";"75"
"50";"75"
"52";"24"
"54";"25"
"55";"24"
"57";"23"
"60";"23"
"61";"23"
"62";"24"
"63";"23"
"65";"23"
"66";"25"
"67";"24"
"68";"25"
"69";"25"
"70";"24"
"72";"24"
"73";"24"
"74";"22"
"75";"22"
"77";"22"
"76";"22"
